ASE section,ASE module,ASE tier (Free / Free+Pro / Pro),ASE Pro extras (if any),CM status,CM feature name(s),Notes/limits,Verdict
Content Management,Custom Content Types,Pro,,No,,"CM has no confirmed feature for registering/editing CPTs, taxonomies, field groups, or options pages.",ASE still needed
Content Management,Post Type Switcher,Pro,,Yes,Post Type Switcher,Exact CM feature name. CM library describes edit-screen and bulk switching.,CM enough
Content Management,Content Duplication,Free+Pro,ASE Pro adds: • duplication link in post edit screen's publishing section • an option to choose where to show duplication link • an option to choose on which public and non-public post type(s) duplication is enabled • an option to enable duplication only for certain user roles,Yes,Enable Content Duplication,"Core duplication is covered. ASE Pro adds placement, post-type scope, and role restrictions; CM parity for those extras is not established here.",Either fine
Content Management,Content Order,Free+Pro,"ASE Pro enables: • custom ordering for post types that are non-hierarchical and does not support page attributes, including media / attachments. • reorder and change the parent of child posts • toggling featured images, taxonomy terms and / or excerpt on the ordering page • applying the custom order on the frontend, including for displaying adjacent post links",Yes,Order Post Types; Order Taxonomy Terms,"CM documents drag-and-drop post-type ordering, including attachment post types, frontend menu_order behavior, and hierarchical taxonomy ordering.",CM enough
Content Management,Terms Order,Pro,,Yes,Order Taxonomy Terms,Exact CM feature name. CM library describes hierarchical taxonomy term ordering.,CM enough
Content Management,Media Files Visibility Control,Free+Pro,ASE Pro adds an option to specify which non-administrator user roles will have such limitation.,No,,No confirmed CM feature that limits Media Library visibility by uploader or role.,ASE still needed
Content Management,Media Categories,Pro,,Different approach,Enable Folder Manager,"CM offers folders, colors, filtering, and multiple-folder assignment. That is not the same as ASE media taxonomy categories.",ASE still needed
Content Management,Media Replacement,Free+Pro,ASE Pro allows replacing media from the grid view of media library as well.,Yes,Enable Media Replacement,CM documents replacement while preserving the attachment ID and existing URLs. ASE Pro’s grid-view control is an extra UI surface not separately stated in CM docs.,CM enough
Content Management,SVG Upload,Free,,Yes,SVG Support; SVG Security Sanitization,"CM explicitly documents SVG upload support, previews, and sanitization. Role-specific upload scope is not separately stated.",CM enough
Content Management,AVIF Upload,Free,,Different approach,Image Converter,"CM converts images to AVIF, but the library does not confirm a standalone AVIF MIME-upload module.",ASE still needed
Content Management,Public Preview for Drafts,Pro,,Partial,Public Post Preview; Enable Global Password Protection,CM covers secure unpublished-post previews. Scheduled-preview parity is not established in the library.,ASE still needed
Content Management,External Permalinks,Free+Pro,"ASE Pro adds an option to enable only on / except on certain post types, or on all post types.",No,,No confirmed CM equivalent for assigning external URLs as post/page permalinks.,ASE still needed
Content Management,Open All External Links in New Tab,Free,,Yes,Add nofollow to External Links and Open in New Tab,Exact CM feature covers new-tab behavior and nofollow handling.,CM enough
Content Management,Allow Custom Navigation Menu Items to Open in New Tab,Free,,No,,No confirmed CM feature for adding a target control to custom navigation items.,ASE still needed
Content Management,Auto-Publish Posts with Missed Schedule,Free,,No,,No confirmed CM equivalent.,ASE still needed
Admin Interface,Clean Up Admin Bar,Free+Pro,ASE Pro enables removal of admin bar items from other plugins.,Yes,Top Toolbar Manager,"CM documents rearranging, hiding, controlling visibility, and custom toolbar placement for admin-bar items. Third-party item behavior is covered by the discovered-toolbar model.",CM enough
Admin Interface,Admin Bar Custom Elements,Pro,,Yes,Admin Menu Manager; Top Toolbar Manager,"CM documents custom top-level and child toolbar items, custom sidebar menu/submenu items, custom icons, separators, spacers, capabilities, role visibility, and custom toolbar placement.",CM enough
Admin Interface,Hide Admin Notices,Free+Pro,ASE Pro adds: • the option to also hide admin notices for non-admins. • the option to hide the 'Notices' menu in the admin bar for non-admins.,Yes,Admin Notices Manager,"CM documents selective notice management, hide-all mode, and dismiss controls. ASE’s separate notices panel workflow is different, but the core hide/manage capability is covered.",CM enough
Admin Interface,Disable Dashboard Widgets,Free,,Yes,Remove Dashboard Widgets,Exact CM feature name.,CM enough
Admin Interface,Hide Admin Bar,Free+Pro,ASE Pro also allows hiding the admin bar on the backend for all or some user roles and ensure administrators always see the admin bar on the backend and frontend.,No,,"CM can move the admin bar and manage toolbar items, but no confirmed hide-admin-bar module.",ASE still needed
Admin Interface,Admin Logo,Pro,,Partial,Replace WordPress Admin Bar Logo; Custom Login Logo,CM covers the admin-bar logo and login logo. ASE also places branding in the admin menu and can replace the home icon; parity is not confirmed.,Either fine
Admin Interface,Wider Admin Menu,Free,,Yes,Wider Admin Sidebar,Exact CM feature name and same core job.,CM enough
Admin Interface,Admin Menu Organizer,Free+Pro,"ASE Pro enables: • always hiding parent and submenu items for some or all user roles and blocking access to the associated admin pages • exclude hiding menu items for certain, eligible users • reordering submenu items • adding new menu items, submenu items and separators",Yes,Admin Menu Manager,"CM library lists hide, rename, reorder, spacers, icons, and role/user visibility controls.",CM enough
Admin Interface,Admin Columns Manager,Pro,,Yes,Admin Columns Manager,"CM documents customizable post/page/CPT columns, custom field columns, taxonomy columns, global search, frozen columns, and inline featured-image editing. Third-party field-provider names differ from ASE’s list.",CM enough
Admin Interface,Show Custom Taxonomy Filters,Free+Pro,ASE Pro enables: • show additional filter(s) for non-hierarchical taxonomies.,Yes,Custom Taxonomy Filters,"CM documents configurable taxonomy dropdown filters for registered taxonomies, including custom taxonomies. Its scope is broad enough for the ASE core module.",CM enough
Admin Interface,Enhance List Tables,Free,,Partial,Admin Columns Manager; Enable Custom Order Columns; Show Last Login Column; Show Registration Date Column,"CM has targeted column features, but no confirmed broad bundle matching ASE’s post, taxonomy, media, comment, and user list-table enhancements.",ASE still needed
Admin Interface,Various Admin UI Enhancements,Free+Pro,ASE Pro adds: • Preserve Taxonomy Hierarchy : Preserve the visual hierarchy of taxonomy terms checklist in the classic editor. • Enable Dashboard Columns Settings : Enable manual settings of dashboard columns layout in Screen Options. You can choose between 1 to 4 columns. • Add User Role Slug(s) to Admin Body Classes : seful for when you need to modify the admin area only for certain user role(s). • Add Usermame to Admin Body Classes : Useful for when you need to modify the admin area only for certain user(s).,Partial,Enable Media Library Infinite Scrolling; Show All Active Plugins on Top,CM matches the two clearly named free subfeatures. ASE Pro taxonomy/body-class/dashboard-column extras are not confirmed.,ASE still needed
Admin Interface,Custom Admin Footer Text,Free+Pro,ASE Pro adds: • option to upload / insert media • easy linking of word / phrase • ability to switch between Visual and Text mode which helps with adding custom HTML Log In/Out | Register Add useful features around the log in and log out process.,Yes,Customize Admin Footer,Exact CM feature name. Rich-editor and media-insertion parity is not separately confirmed.,CM enough
Log In/Out | Register,Change Login URL,Free+Pro,"ASE Pro adds: • custom redirection when accessing default login URLs, e.g. /wp-login.php",Yes,Enable Custom Login URL,"CM documents a custom login slug, default wp-login.php redirection, URL whitelist support, and secure access through the custom URL.",CM enough
Log In/Out | Register,Login ID Type,Free,,No,,No confirmed CM feature restricting login to username or email.,ASE still needed
Log In/Out | Register,Login Page Customizer,Pro,,Yes,Login Page Customization; Custom Login Logo; Login Form Styling; Navigation Links Styling; Notices & Messages Styling; Disable Language Dropdown on Login Page,CM distributes the login customizer surface across named White Label features.,CM enough
Log In/Out | Register,Site Identity on Login Page,Free,,Partial,Custom Login Logo,"CM replaces the login logo, but the ASE behavior for site icon and destination URL is not confirmed.",ASE still needed
Log In/Out | Register,Log In/Out Menu,Free+Pro,"ASE Pro adds an option to set custom ""Log In"" and ""Log Out"" labels for the dynamic log in/out menu item.",No,,No confirmed CM dynamic login/logout menu module.,ASE still needed
Log In/Out | Register,Last Login Column,Free+Pro,ASE Pro makes the column sortable.,Yes,Show Last Login Column,CM documents the last-login date/time column. ASE Pro sortable behavior is an additional presentation option not separately stated.,CM enough
Log In/Out | Register,Registration Date Column,Free+Pro,ASE Pro makes the column sortable.,Yes,Show Registration Date Column,Exact CM feature name. Sortable-column parity is not confirmed.,CM enough
Log In/Out | Register,Redirect After Login,Free+Pro,ASE Pro adds: • an option to set separate redirect URL for each role,No,,No confirmed CM equivalent for role-specific post-login redirects.,ASE still needed
Log In/Out | Register,Redirect After Logout,Free+Pro,ASE Pro adds: • an option to set separate redirect URL for each role,Yes,Redirect after logout,Exact CM feature name in the WooCommerce Redirection section. Its general login/logout scope should be checked on the target site.,Either fine
Log In/Out | Register,Disable User Account,Free,,No,,No confirmed CM feature for disabling individual user login while preserving the account.,ASE still needed
Custom Code,Code Snippets Manager,Pro,,Partial,Code Manager,"CM has a Code Manager with PHP/CSS/JS workflows and recent CodeMirror improvements. ASE’s HTML/SCSS support, revisions, execution controls, and automatic PHP safe mode are not all confirmed as equivalent.",ASE still needed
Custom Code,Custom Admin CSS,Free,,Partial,Code Manager,"CM can manage CSS through Code Manager, but a dedicated all-admin CSS module and its exact role scope are not confirmed.",Either fine
Custom Code,Custom Frontend CSS,Free,,Partial,Code Manager,"CM can manage CSS through Code Manager, but a dedicated all-frontend CSS module and its exact scope are not confirmed.",Either fine
Custom Code,"Insert <head>, <body> and <footer> Code",Free,,Unknown,Code Manager,CM only documents PHP/CSS/JavaScript snippets. Head/body/footer insertion points and HTML/meta/script/style injection are not documented.,ASE still needed
Custom Code,Custom Body Class,Free,,Unknown,Code Manager,CM does not state a body-class control. Generic PHP/CSS/JavaScript snippets are not enough to verify this module.,ASE still needed
Custom Code,Manage ads.txt and app-ads.txt,Free,,No,,No confirmed CM equivalent.,ASE still needed
Custom Code,Manage robots.txt,Free,,No,,No confirmed CM equivalent.,ASE still needed
Disable Components,Disable Gutenberg,Free+Pro,"ASE Pro adds: • option to disable only on / except on certain post types, or on all post types",Yes,Disable Gutenberg Editor,Exact CM feature name. CM also lists related block-style and widget controls.,CM enough
Disable Components,Disable Comments,Free+Pro,"ASE Pro adds: • option to disable only on / except on certain post types, or on all post types",Partial,Disable Comments,"Exact CM feature exists, but the CM library describes global disabling while ASE supports selected/excepted post-type scopes, especially in Pro.",Either fine
Disable Components,Disable REST API,Free+Pro,"ASE Pro adds: • option to exclude certain API routes from being disabled • option to enable access only for some, authenticated user roles, e.g. administrators.",Yes,REST API Access; REST API Exclusions; Remove REST API Links,"CM documents admin-only, logged-in-only, and fully disabled access levels, namespace exclusions, and REST URL/link removal.",CM enough
Disable Components,Disable Feeds,Free,,Partial,Disable RSS Feeds; Remove RSS Feed Links,CM covers RSS disabling and feed-link removal. Atom/RDF parity and all ASE feed-trace behavior are not explicitly established.,Either fine
Disable Components,Disable Embeds,Free,,Partial,Disable Embeds,"CM lists Disable Embeds. ASE also documents related JavaScript and external-embedding controls, so exact scope parity is not established.",Either fine
Disable Components,Disable All Updates,Free,,Yes,Disable All Updates,"CM’s implementation disables core, plugin, theme, translation, and automatic updates; update checks, update cron hooks, update emails, notices, transients, and WordPress.org update requests.",CM enough
Disable Components,Disable Author Archives,Free,,No,,"CM has author-edit and user-enumeration controls, but no confirmed author-archive 404/removal feature.",ASE still needed
Disable Components,Disable Smaller Components,Free,,Partial,Hide WP Version; Remove RSD Link; Remove Shortlink; Disable Emojis; Disable Dashicons; Remove jQuery Migrate; Enable Classic Widgets; Disable file changes via plugin and theme editors; Disable Admin Email Check During Login; Disable Password Change Email,"CM covers several bundled ASE subcomponents, but not every component or ancillary behavior in the broad ASE module.",ASE still needed
Security,Limit Login Attempts,Free+Pro,"ASE Pro adds: • IP whitelisting, which is also useful to unblock users",Yes,Enable Login Lockdown; Enable Extended Lockout,"CM documents maximum failed attempts, lockout duration, extended lockouts, username-validity hiding, form hiding, IP whitelisting, and activity logging. Trusted-proxy header selection is not separately stated.",CM enough
Security,CAPTCHA Protection,Pro,,Partial,Enable Cloudflare Turnstile; Enable Math Captcha; Turnstile: WordPress Login Forms; Turnstile: WooCommerce Forms; Turnstile: Comment Forms; Turnstile: Frontend Post Submission; Math Captcha: WordPress Login Forms; Math Captcha: WooCommerce Forms; Math Captcha: Comment Forms; Math Captcha: Frontend Post Submission,"CM covers Turnstile and math CAPTCHA. ASE also lists ALTCHA and Google reCAPTCHA, so CM is not a provider-for-provider replacement.",ASE still needed
Security,Two-Factor Authentication (2FA),Pro,,Partial,Enable TOTP Authentication; Enable Email OTP; Allow Trusted Devices; Enable 2FA Rate Limiting,"CM covers TOTP, email OTP, trusted devices, and rate limiting. ASE’s recovery-code and per-role configuration details are not all confirmed as identical.",Either fine
Security,Obfuscate Author Slugs,Free,,Different approach,Disable User Enumeration,"CM prevents username discovery, but does not document randomizing author slugs or returning 404s for original author URLs.",ASE still needed
Security,Email Address Obfuscator,Free+Pro,ASE Pro enables: • shortcode option to output the email address as a mailto: link • an option to auto-obfuscate email addresses found in post content.,Yes,Email & Phone Protection,"CM documents content-filter and full-page protection, multiple obfuscation methods, email obfuscation shortcodes, no-JavaScript fallbacks, and phone protection. The option surface differs from ASE but the core module is covered.",CM enough
Security,Disable XML-RPC,Free,,Yes,Disable XML-RPC,"CM documents completely disabling XML-RPC, including protection against pingback abuse. The implementation also has a separate self-pingback control.",CM enough
Optimizations,Image Upload Control,Free+Pro,ASE Pro enables: • custom JPG conversion quality • conversion to WebP instead of JPG • custom WebP conversion quality • option to only apply resize and conversion to media library and block editor uploads when creating or editing a page or a post.. • option to only resize without conversion to JPG/WebP • prevention of intermediate size(s) generation,Partial,Auto Resize Images After Upload; Skip Smaller Images; Image Converter; Disable Unnecessary Image Sizes,"CM covers resize, skip-smaller, conversion, and image-size controls. ASE’s exact JPEG/WebP quality, original-file deletion, and upload-context options are not confirmed as identical.",Either fine
Optimizations,Revisions Control,Free,"ASE Pro adds the option to enable revisions control ""only for"" or ""except for"" certain post t ypes or ""for all post types"".",Yes,Limit Post Revisions,CM documents setting a maximum revision count or disabling revisions. ASE’s extra post-type include/exclude controls are not separately stated.,CM enough
Optimizations,Heartbeat Control,Free,,Yes,Disable Heartbeat; Heartbeat Frequency,CM library lists heartbeat disable and frequency controls.,CM enough
Utilities,Site Backup and Migration,Pro,,Different approach,Export Settings; Import Settings,"CM backs up/imports its plugin settings. It is not a confirmed full-site scheduled backup, restore, migration, or sync system.",ASE still needed
Utilities,Email Delivery,Free+Pro,ASE Pro adds the option to: • specify a custom reply-to name and email • specify custom Bcc email(s) • disable authentication • log email delivery and set max number of entries to keep • allow resending emails via the log page,Yes,Enable SMTP Settings; Enable Email Logging; Customize WP Emails,"CM documents SMTP authentication with backup-server options, email history/resending, and centralized WordPress email customization. ASE Pro’s Bcc/authentication/retention controls differ.",CM enough
Utilities,Form Builder,Pro,,Different approach,Form Desk; Frontend Post Submission,"CM manages submissions and supports frontend post submission, but does not document a general drag-and-drop form builder with ASE’s field types, autoresponders, and webhooks.",ASE still needed
Utilities,File Manager,Pro,,Different approach,Plugin Zip Downloads; Theme Zip Downloads; Download File to WordPress; Enable Secure Downloads,"CM has download/import and secure-download tools, not a general WordPress installation file manager with edit, copy, permissions, compress, and extract operations.",ASE still needed
Utilities,Local User Avatar,Pro,,Yes,Local User Avatar,"CM documents local custom profile pictures instead of Gravatars. The source image-selection UI differs from ASE’s wording, but the core local-avatar module is covered.",CM enough
Utilities,Multiple User Roles,Free,,Different approach,Role Manager,CM manages custom roles and capabilities. Assignment of multiple roles to one user is not stated.,ASE still needed
Utilities,Image Sizes Panel,Free+Pro,ASE Pro adds a convenient button to copy the image URL on click.,No,,"CM has image-size optimization controls, but no confirmed panel exposing every generated image-size URL with copy controls.",ASE still needed
Utilities,View Admin as Role,Free,,Yes,View Admin as Role,Exact CM feature name.,CM enough
Utilities,Password Protection,Free+Pro,ASE Pro adds: • IP whitelisting • Option to set preferred header to get IP address from • bypassing via URL parameter • auto-application of design from the Login Page Customizer module,Yes,Enable Site-Wide Password Protection; Enable Global Password Protection,CM documents site-wide password protection with optional IP bypass and separate password protection for public preview links. ASE’s URL-bypass and login-customizer integration are additional options.,CM enough
Utilities,Maintenance Mode,Free+Pro,ASE Pro adds: • customization of page title shown in the browser tab • WYSIWYG editor for heading and description • option to use an image or a solid color as the background • option to add custom CSS • option to use an existing page as the maintenance page,No,,CM’s Disable Maintenance Mode Message is not a maintenance-mode page builder. No confirmed equivalent.,ASE still needed
Utilities,Redirect Manager,Pro,,Partial,Enable Redirection & Logging; Global 404 Redirect,"CM has redirect logging, a 404 redirect, and a redirect-rule editor noted in the changelog. ASE’s regex/wildcard, status-code, groups, notes, caching, and loop-detection depth is not confirmed in the CM library.",ASE still needed
Utilities,Redirect 404,Free+Pro,ASE Pro adds: • an option to choose the redirect URL,Yes,Global 404 Redirect,Exact CM feature name and same core behavior. Confirm custom destination behavior for the target site.,CM enough
Utilities,Display System Summary,Free+Pro,"ASE Pro adds info on site, database and root, wp-content, plugins, themes and upload folders size.",No,,No confirmed CM equivalent for the ASE dashboard system summary widget.,ASE still needed
Utilities,Search Engines Visibility Status,Free+Pro,"ASE Pro adds a way to prevent dev / staging sites from having search engine visibility enabled. This is done by adding an option to set the live / production site's URL. ASE Pro Export / Import ASE Settings Easily copy your preferred ASE settings to other sites. Available on all ASE Pro plans (SOLO, TEAM and AGENCY). Features Walkthroughs ASE Free v7.0.3 | June 2024 ASE Pro v6.2.6 | December 2023 View More Videos Highly recommended for anyone seeking efficiency and simplicity! Vivek Revi Simply amazing. Peter Duchnovsky Thanks to ASE, my WP backend UI is cleaned up and organized. @adminmax Super useful! @webwithirfan Awesome, perfect, beautiful. @xkius Amazing plugin! Precious! Iulian Baciu Very handy. Much time saver. @smashedhijack A WordPress Essential Max Fils Remfort Best multi-task plugin ever. @massiatmr A lot useful features in one plugin. Good job. @wikis Very useful plugin and great support Philippe Grand Fabulous plugin – amazing support @ericjmarx There is a lot of very useful functionality. @davigray Worked great so far, very useful, very easy to use. Ralf Longwitz Fantastic tool that does a lot. @tamatij Lots of features, clean UI, amazing solution. @malaga16 I love the minimalistic interface. @eliasgdj One of my core plugins - super useful! @Riverwind68 A very useful plugin that also has great support. @tomo55555 Simply the best! Still looking for the sixth star for you. @springbreak Lightweight, clean and easy to use. @sk209 Great plugin – easy to use, comprehensive and error free. @courageousdesign Works like a treat. @ben1098765 ASE Pro has greatly simplified my workflow. Dave Disseldorp Support has been really quick to respond and fix any errors. @timbre-design Wow! Lightweight, fast, and so very very useful! @outboxed ASE works fast with no problem! @maxbarbul Fantastic Enhancements! Chuck Smith Works like a treat. @ben1098765 ASE replaces a lot of plugins with one solution. Aleksander Karabtsuk Crazy Good! @darkelf ASE is easy to use and does a great job. @ahmetbilgic ASE is amazing and has saved me tones of time. @sevenoways Helpful a lot without disrupting performance. @bramonoadi ASE is one of the best plugins for site admins. @d4niwp Lots of useful features without the bloat. @mohobook Must-Have Plugin for Every Website. @aronu Great plugin, and good support! @longbowdesign Excellent plugin. Very useful. Quick and great support! Andreas Mann Support were extremely fast to respond and extremely helpful. @IFX I generally don't buy plugins, but this one I did! Brad Hazel ASE has everything you need to improve your site. @coriolis_too I love the modular approach. @dvaer Solid feature set, no bloat. @timbre-design Necessary plugin to every WordPress site. @ntamas Best all-in-one plugin available. @photontarget One of the best plugins. @boxhamster ASE replaces a lot of single-purpose plugins! @tageins Great Swiss-Army Knife @calvinc410 Super easy to use and tons of functionality. @blakewaddill Excellent Product and Excellent Support. Ryan Newman I really like it Lars Ritter Pure Magic! @ben099 ASE is the best plugin I’ve installed in 2023! @steve1215 The Best Plugin Ever. Nika Tkeshelashvili An Amazing Swiss Army Knife @anonymized-13711045 ASE is the FIRST plugin I install on every website! @elonreynolds An awesome & useful plugin. @yasinc2 ASE Pro is truly an outstanding WordPress plugin. Stelios Chatzis The plugin I didn’t even know that I NEEDED! Andrew Eastman ASE allowed us to eliminate almost a dozen plugins. @pierre1wp Tons of little fixes and enhancements available. Verity Cantare ASE is very useful and straightforward to set up. @nassukesso Simple, useful, clean! @fznshaikh One of, if not, the best plugins for WordPress. @outdoorsdev1 Very useful swiss army knife. @dvaer I love that ASE is free, and the premium version seems very comprehensive. @switchgraindev ASE is on my Mount Rushmore of top WP plugins. @scocknation Support is very helpful and they respond quickly. Craigbeaman Super plugin @itsmir This little beauty does all we need. @capturefour One of the best plugins for WordPress. @zlukovic ASE has been a game-changer for us in simplifying our WordPress experience. @tomhung The best all-in-one admin plugin. Fernando Kylas I won’t build a site without ASE… EVER. @markbratton111 Incredibly powerful and well organized. Nathan Ingram My God, This is Good!!! @1ramyt We replaced 14(!!!) permanently used plugins! Our backend is now much faster! @austrohack Just amazing @marcorubiol Useful and stable. @shadyshane Great ""one-stop-shop"" admin plugin @huangcq ASE replaces a bunch of other plugins into one that is easily manageable. @manualbu Good for admin, developer, website builder, webmaster, agency, freelancer. @banijadev Fantastic plugin, even the free version. @meaculpa303 10/10 I will recommend ASE every chance I get. @palmerin Such a game-changer for me. @jtecklenburg All WP’s Missing Admin Features Wrapped into One Plugin. Lee Hodson (VR51) Great plugin and great developer. @hhimmoclean One solution to many problems Carlos Alonso Maybe ASE is an even better idea than “code snippets”. @initsolutions Simply superb. @dashdesai ASE support was very quick and efficient. @pixelpaprika I use ASE on all my sites. @thesilkywitch ASE is one of the highest quality plugins I have ever used. Jacob Wonder Absurdly Fantastic! @albertcorbett ASE has the best customer service! @chamlogic Definitely worth the investment! Philippe Grand Excellent plugin. I install it on every WP site. @contrastxxx Highly recommend ASE for any developer or website owner. Miriam Michalak ASE fixes the issue of plugin conflicts and bloat like a true champ. Aleksander Karabtsuk 1 2 3 4 Next » Get all ASE Pro benefits now. Save Time and Effort A single plugin to manage frees up valuable dev hours across the sites you manage. Simplify Maintenance Spend less time on managing plugin updates and conflicts between plugins. One Purchase / Subscription Just a one-time purchase or a single subscription to deal with. Get ASE Pro Explore the Features an enhancement suite for every WordPress site Menu Features Pricing Account Docs Videos Articles Support close jQuery('#-pro-menu-92-12 .oxy-pro-menu-show-dropdown .menu-item-has-children > a', 'body').each(function(){ jQuery(this).append(' '); }); jQuery('#-pro-menu-92-12 .oxy-pro-menu-show-dropdown .menu-item:not(.menu-item-has-children) > a', 'body').each(function(){ jQuery(this).append(' '); }); Menu Features Site Backup and Migration Custom Content Types Form Builder Code Snippets Manager All Features Pricing Account Docs Videos Articles close jQuery('#-pro-menu-61-12 .oxy-pro-menu-show-dropdown .menu-item-has-children > a', 'body').each(function(){ jQuery(this).append(' '); }); jQuery('#-pro-menu-61-12 .oxy-pro-menu-show-dropdown .menu-item:not(.menu-item-has-children) > a', 'body').each(function(){ jQuery(this).append(' '); }); No Support Lifetime License Available {""prefetch"":[{""source"":""document"",""where"":{""and"":[{""href_matches"":""/*""},{""not"":{""href_matches"":[""/wp-*.php"",""/wp-admin/*"",""/wp-content/uploads/*"",""/wp-content/*"",""/wp-content/plugins/*"",""/wp-content/themes/no-theme/*"",""/wp-content/themes/oxygen-is-not-a-theme/*"",""/*\\?(.+)""]}},{""not"":{""selector_matches"":""a[rel~=\""nofollow\""]""}},{""not"":{""selector_matches"":"".no-prefetch, .no-prefetch a""}}]},""eagerness"":""conservative""}]} // Do not change this comment line otherwise Speed Optimizer won't be able to detect this script (function () { function sendRequest(url, body) { if(!window.fetch) { const xhr = new XMLHttpRequest(); xhr.open(""POST"", url, true); xhr.setRequestHeader(""Content-Type"", ""application/json;charset=UTF-8""); xhr.send(JSON.stringify(body)) return } const request = fetch(url, { method: 'POST', body: JSON.stringify(body), keepalive: true, headers: { 'Content-Type': 'application/json;charset=UTF-8' } }); } const calculateParentDistance = (child, parent) => { let count = 0; let currentElement = child; // Traverse up the DOM tree until we reach parent or the top of the DOM while (currentElement && currentElement !== parent) { currentElement = currentElement.parentNode; count++; } // If parent was not found in the hierarchy, return -1 if (!currentElement) { return -1; // Indicates parent is not an ancestor of element } return count; // Number of layers between element and parent } const isMatchingClass = (linkRule, href, classes, ids) => { return classes.includes(linkRule.value) } const isMatchingId = (linkRule, href, classes, ids) => { return ids.includes(linkRule.value) } const isMatchingDomain = (linkRule, href, classes, ids) => { if(!URL.canParse(href)) { return false } const url = new URL(href) const host = url.host const hostsToMatch = [host] if(host.startsWith('www.')) { hostsToMatch.push(host.substring(4)) } else { hostsToMatch.push('www.' + host) } return hostsToMatch.includes(linkRule.value) } const isMatchingExtension = (linkRule, href, classes, ids) => { if(!URL.canParse(href)) { return false } const url = new URL(href) return url.pathname.endsWith('.' + linkRule.value) } const isMatchingSubdirectory = (linkRule, href, classes, ids) => { if(!URL.canParse(href)) { return false } const url = new URL(href) return url.pathname.startsWith('/' + linkRule.value + '/') } const isMatchingProtocol = (linkRule, href, classes, ids) => { if(!URL.canParse(href)) { return false } const url = new URL(href) return url.protocol === linkRule.value + ':' } const isMatchingExternal = (linkRule, href, classes, ids) => { if(!URL.canParse(href) || !URL.canParse(document.location.href)) { return false } const matchingProtocols = ['http:', 'https:'] const siteUrl = new URL(document.location.href) const linkUrl = new URL(href) // Links to subdomains will appear to be external matches according to JavaScript, // but the PHP rules will filter those events out. return matchingProtocols.includes(linkUrl.protocol) && siteUrl.host !== linkUrl.host } const isMatch = (linkRule, href, classes, ids) => { switch (linkRule.type) { case 'class': return isMatchingClass(linkRule, href, classes, ids) case 'id': return isMatchingId(linkRule, href, classes, ids) case 'domain': return isMatchingDomain(linkRule, href, classes, ids) case 'extension': return isMatchingExtension(linkRule, href, classes, ids) case 'subdirectory': return isMatchingSubdirectory(linkRule, href, classes, ids) case 'protocol': return isMatchingProtocol(linkRule, href, classes, ids) case 'external': return isMatchingExternal(linkRule, href, classes, ids) default: return false; } } const track = (element) => { const href = element.href ?? null const classes = Array.from(element.classList) const ids = [element.id] const linkRules = [{""type"":""extension"",""value"":""pdf""},{""type"":""extension"",""value"":""zip""},{""type"":""protocol"",""value"":""mailto""},{""type"":""protocol"",""value"":""tel""}] if(linkRules.length === 0) { return } // For link rules that target an id, we need to allow that id to appear // in any ancestor up to the 7th ancestor. This loop looks for those matches // and counts them. linkRules.forEach((linkRule) => { if(linkRule.type !== 'id') { return; } const matchingAncestor = element.closest('#' + linkRule.value) if(!matchingAncestor || matchingAncestor.matches('html, body')) { return; } const depth = calculateParentDistance(element, matchingAncestor) if(depth { if(linkRule.type !== 'class') { return; } const matchingAncestor = element.closest('.' + linkRule.value) if(!matchingAncestor || matchingAncestor.matches('html, body')) { return; } const depth = calculateParentDistance(element, matchingAncestor) if(depth { return isMatch(linkRule, href, classes, ids) }) if(!hasMatch) { return } const url = ""https://www.wpase.com/wp-content/plugins/independent-analytics-pro/iawp-click-endpoint.php""; const body = { href: href, classes: classes.join(' '), ids: ids.join(' '), ...{""payload"":{""resource"":""singular"",""singular_id"":96,""page"":1},""signature"":""8df6b83ffdd1bf15f2390762ef26e5db""} }; sendRequest(url, body) } let hasSearched = false; function search() { if(hasSearched) { return; } hasSearched = true; if (document.hasOwnProperty(""visibilityState"") && document.visibilityState === ""prerender"") { return; } if (navigator.webdriver || /bot|crawler|spider|crawling|semrushbot|chrome-lighthouse/i.test(navigator.userAgent)) { return; } let referrer_url = null; if (typeof document.referrer === 'string' && document.referrer.length > 0) { referrer_url = document.referrer; } const params = location.search.slice(1).split('&').reduce((acc, s) => { const [k, v] = s.split('='); return Object.assign(acc, {[k]: v}); }, {}); const url = ""https://www.wpase.com/wp-json/iawp/search""; const body = { referrer_url, utm_source: params.utm_source, utm_medium: params.utm_medium, utm_campaign: params.utm_campaign, utm_term: params.utm_term, utm_content: params.utm_content, gclid: params.gclid, ...{""payload"":{""resource"":""singular"",""singular_id"":96,""page"":1},""signature"":""8df6b83ffdd1bf15f2390762ef26e5db""} }; sendRequest(url, body) } document.addEventListener('mousedown', function (event) { if (navigator.webdriver || /bot|crawler|spider|crawling|semrushbot|chrome-lighthouse/i.test(navigator.userAgent)) { return; } const element = event.target.closest('a') if(!element) { return } const isPro = true if(!isPro) { return } // Don't track left clicks with this event. The click event is used for that. if(event.button === 0) { return } track(element) }) document.addEventListener('click', function (event) { if (navigator.webdriver || /bot|crawler|spider|crawling|semrushbot|chrome-lighthouse/i.test(navigator.userAgent)) { return; } const element = event.target.closest('a, button, input[type=""submit""], input[type=""button""]') if(!element) { return } const isPro = true if(!isPro) { return } track(element) }) document.addEventListener('play', function (event) { if (navigator.webdriver || /bot|crawler|spider|crawling|semrushbot|chrome-lighthouse/i.test(navigator.userAgent)) { return; } const element = event.target.closest('audio, video') if(!element) { return } const isPro = true if(!isPro) { return } track(element) }, true) document.addEventListener(""DOMContentLoaded"", function (e) { search(); }); document.addEventListener(""iawpSearch"", function (e) { search(); }); })(); jQuery(document).ready(function($) { $("".shortlink-chref"").attr(""href"", function() { $(this).data(""ohref"", this.href); return $(this).data(""chref""); }).click(function() { $(this).attr(""href"", function() { return $(this).data(""ohref""); }) }); }); .ct-FontAwesomeicon-close{width:0.78571428571429em} .ct-FontAwesomeicon-chevron-left{width:0.75em} .ct-FontAwesomeicon-chevron-right{width:0.67857142857143em} .ct-FontAwesomeicon-bars{width:0.85714285714286em} .ct-FontAwesomeicon-angle-double-right{width:0.53571428571429em} .ct-FontAwesomeicon-angle-right{width:0.32142857142857em} .ct-FontAwesomeicon-ellipsis-v{width:0.21428571428571em} .ct-FontAwesomeicon-play-circle{width:0.85714285714286em} .ct-FontAwesomeicon-pause-circle{width:0.85714285714286em} close chevron-left chevron-right chevron-up chevron-down bars angle-double-right angle-right ellipsis-v play-circle pause-circle envelope chevron-up .ibx-notification-popup-472 { background: #ffffff; color: #333333; border-radius: 8px; border-width: 1px; border-style: solid; border-color: #cccccc; -webkit-box-shadow: 0 0 20px 3px rgba(153, 153, 153, 0.7); -moz-box-shadow: 0 0 20px 3px rgba(153, 153, 153, 0.7); -o-box-shadow: 0 0 20px 3px rgba(153, 153, 153, 0.7); box-shadow: 0 0 20px 3px rgba(153, 153, 153, 0.7); } .ibx-notification-popup-472 .ibx-notification-popup-title, .ibx-notification-popup-472 .ibx-notification-popup-review-name, .ibx-notification-popup-472 .ibx-notification-popup-review-text { color: #333333; } .ibx-notification-popup-472 .ibx-notification-popup-rating span { color: #dd9933; } .ibx-notification-popup--472 .ibx-notification-popup-close { color: #333333; } .ibx-notification-popup-472 .ibx-notification-popup-img { height: 70px; width: 70px; } .ibx-notification-popup-472 .ibx-notification-popup-img img { border-radius: 8px; max-height: 70px; } .ibx-notification-popup-472 .ibx-notification-popup-img.has-letter { border-radius: 8px; } .ibx-notification-popup-472 .ibx-notification-popup-text { margin-top: 0px; margin-bottom: 0px; margin-left: 10px; margin-right: 10px; } var ibx_fomo = { nonce: '03549cc809', conversions: [472], reviews: [], ajaxurl: 'https://www.wpase.com/wp-admin/admin-ajax.php', custom_form_details: [], post_id: 96, form_classes: [""pp-subscribe-form"",""fl-subscribe-form""], data: { conversions: {""472"":{""config"":{""id"":472,""initial_delay"":20000,""display_duration"":5000,""delay_each"":10000,""loop"":1,""randomize"":0,""source"":""freemius""},""content"":""\n\t \n\t\t \n\n\t\t\t\t\t\t\t \u00d7 \n\t\t\t\n\t\t\t \n\t\t\t\t \n\t\t \n\t \n\n\t\t\t\t \n\t\t\t\t\t Gisli Johann P. in Iceland purchased ASE Pro - SOLO License 2 days ago \t\t\t\t\t\t\t\t\t \n\n\t\t\t\t\t\t\t \n\t\t \n\t \n\t\t\n\t \n\t\t \n\n\t\t\t\t\t\t\t \u00d7 \n\t\t\t\n\t\t\t \n\t\t\t\t \n\t\t \n\t \n\n\t\t\t\t \n\t\t\t\t\t Alla W. in Germany purchased ASE Pro - SOLO License 4 days ago \t\t\t\t\t\t\t\t\t \n\n\t\t\t\t\t\t\t \n\t\t \n\t \n\t\t\n\t \n\t\t \n\n\t\t\t\t\t\t\t \u00d7 \n\t\t\t\n\t\t\t \n\t\t\t\t \n\t\t \n\t \n\n\t\t\t\t \n\t\t\t\t\t Werner M. in Germany purchased ASE Pro - SOLO License 5 days ago \t\t\t\t\t\t\t\t\t \n\n\t\t\t\t\t\t\t \n\t\t \n\t \n\t\t\n\t \n\t\t \n\n\t\t\t\t\t\t\t \u00d7 \n\t\t\t\n\t\t\t \n\t\t\t\t \n\t\t \n\t \n\n\t\t\t\t \n\t\t\t\t\t Patric S. in Germany purchased ASE Pro - TEAM License 5 days ago \t\t\t\t\t\t\t\t\t \n\n\t\t\t\t\t\t\t \n\t\t \n\t \n\t\t\n\t \n\t\t \n\n\t\t\t\t\t\t\t \u00d7 \n\t\t\t\n\t\t\t \n\t\t\t\t \n\t\t \n\t \n\n\t\t\t\t \n\t\t\t\t\t Bj\u00f8rn Erik S. in Norway purchased ASE Pro - SOLO License 6 days ago \t\t\t\t\t\t\t\t\t \n\n\t\t\t\t\t\t\t \n\t\t \n\t \n\t\t\n\t \n\t\t \n\n\t\t\t\t\t\t\t \u00d7 \n\t\t\t\n\t\t\t \n\t\t\t\t \n\t\t \n\t \n\n\t\t\t\t \n\t\t\t\t\t Reuven D. in Israel purchased ASE Pro - TEAM License 6 days ago \t\t\t\t\t\t\t\t\t \n\n\t\t\t\t\t\t\t \n\t\t \n\t \n\t\t\n\t \n\t\t \n\n\t\t\t\t\t\t\t \u00d7 \n\t\t\t\n\t\t\t \n\t\t\t\t \n\t\t \n\t \n\n\t\t\t\t \n\t\t\t\t\t Linn R. in Sweden purchased ASE Pro - SOLO License 6 days ago \t\t\t\t\t\t\t\t\t \n\n\t\t\t\t\t\t\t \n\t\t \n\t \n\t\t\n\t \n\t\t \n\n\t\t\t\t\t\t\t \u00d7 \n\t\t\t\n\t\t\t \n\t\t\t\t \n\t\t \n\t \n\n\t\t\t\t \n\t\t\t\t\t Jeremy B. in Australia purchased ASE Pro - SOLO License 1 week ago \t\t\t\t\t\t\t\t\t \n\n\t\t\t\t\t\t\t \n\t\t \n\t \n\t\t\n\t \n\t\t \n\n\t\t\t\t\t\t\t \u00d7 \n\t\t\t\n\t\t\t \n\t\t\t\t \n\t\t \n\t \n\n\t\t\t\t \n\t\t\t\t\t Raphaelle L. in France purchased ASE Pro - SOLO License 1 week ago \t\t\t\t\t\t\t\t\t \n\n\t\t\t\t\t\t\t \n\t\t \n\t \n\t\t""}}, reviews: [] } }; {""@context"":""https://schema.org"",""@graph"":[{""@type"":""WebSite"",""@id"":""https://www.wpase.com/#website"",""url"":""https://www.wpase.com/"",""name"":""Admin and Site Enhancements (ASE) for WordPress"",""inLanguage"":""en-US"",""potentialAction"":{""@id"":""https://www.wpase.com/#searchaction""},""publisher"":{""@id"":""https://www.wpase.com/#organization""}},{""@type"":""SearchAction"",""@id"":""https://www.wpase.com/#searchaction"",""target"":""https://www.wpase.com/?s={search_term_string}"",""query-input"":""required name=search_term_string""},{""@type"":""BreadcrumbList"",""name"":""Breadcrumbs"",""@id"":""https://www.wpase.com/features/#breadcrumblist"",""itemListElement"":[{""@type"":""ListItem"",""position"":1,""name"":""Home"",""item"":""https://www.wpase.com/""},{""@type"":""ListItem"",""position"":2,""name"":""Features""}]},{""@type"":""WebPage"",""@id"":""https://www.wpase.com/features/#webpage"",""url"":""https://www.wpase.com/features/"",""inLanguage"":""en-US"",""name"":""Features - Admin and Site Enhancements (ASE) for WordPress"",""datePublished"":""2023-08-03T22:16:13+07:00"",""dateModified"":""2025-03-04T13:43:24+07:00"",""isPartOf"":{""@id"":""https://www.wpase.com/#website""},""breadcrumb"":{""@id"":""https://www.wpase.com/features/#breadcrumblist""},""potentialAction"":{""@id"":""https://www.wpase.com/features/#readaction""},""primaryImageOfPage"":{""@id"":""https://www.wpase.com/features/#thumbnail""},""image"":{""@id"":""https://www.wpase.com/features/#thumbnail""}},{""@type"":""ReadAction"",""@id"":""https://www.wpase.com/features/#readaction"",""target"":""https://www.wpase.com/features/""},{""@type"":""Organization"",""@id"":""https://www.wpase.com/#organization"",""url"":""https://www.wpase.com/"",""name"":""Admin and Site Enhancements (ASE) for WordPress""},{""@type"":""ImageObject"",""@id"":""https://www.wpase.com/features/#thumbnail"",""url"":""https://www.wpase.com/wp-content/uploads/2023/09/ase-settings-shorter.webp"",""contentUrl"":""https://www.wpase.com/wp-content/uploads/2023/09/ase-settings-shorter.webp"",""width"":1160,""height"":440}]} function oxygen_init_pro_menu() { jQuery('.oxy-pro-menu-container').each(function(){ // dropdowns var menu = jQuery(this), animation = menu.data('oxy-pro-menu-dropdown-animation'), animationDuration = menu.data('oxy-pro-menu-dropdown-animation-duration'); jQuery('.sub-menu', menu).attr('data-aos',animation); jQuery('.sub-menu', menu).attr('data-aos-duration',animationDuration*1000); oxygen_offcanvas_menu_init(menu); jQuery(window).resize(function(){ oxygen_offcanvas_menu_init(menu); }); // let certain CSS rules know menu being initialized // ""10"" timeout is extra just in case, ""0"" would be enough setTimeout(function() {menu.addClass('oxy-pro-menu-init');}, 10); }); } jQuery(document).ready(oxygen_init_pro_menu); document.addEventListener('oxygen-ajax-element-loaded', oxygen_init_pro_menu, false); let proMenuMouseDown = false; jQuery("".oxygen-body"") .on(""mousedown"", '.oxy-pro-menu-show-dropdown:not(.oxy-pro-menu-open-container) .menu-item-has-children', function(e) { proMenuMouseDown = true; }) .on(""mouseup"", '.oxy-pro-menu-show-dropdown:not(.oxy-pro-menu-open-container) .menu-item-has-children', function(e) { proMenuMouseDown = false; }) .on('mouseenter focusin', '.oxy-pro-menu-show-dropdown:not(.oxy-pro-menu-open-container) .menu-item-has-children', function(e) { if( proMenuMouseDown ) return; var subMenu = jQuery(this).children('.sub-menu'); subMenu.addClass('aos-animate oxy-pro-menu-dropdown-animating').removeClass('sub-menu-left'); var duration = jQuery(this).parents('.oxy-pro-menu-container').data('oxy-pro-menu-dropdown-animation-duration'); setTimeout(function() {subMenu.removeClass('oxy-pro-menu-dropdown-animating')}, duration*1000); var offset = subMenu.offset(), width = subMenu.width(), docWidth = jQuery(window).width(); if (offset.left+width > docWidth) { subMenu.addClass('sub-menu-left'); } }) .on('mouseleave focusout', '.oxy-pro-menu-show-dropdown .menu-item-has-children', function( e ) { if( jQuery(this).is(':hover') ) return; jQuery(this).children('.sub-menu').removeClass('aos-animate'); var subMenu = jQuery(this).children('.sub-menu'); //subMenu.addClass('oxy-pro-menu-dropdown-animating-out'); var duration = jQuery(this).parents('.oxy-pro-menu-container').data('oxy-pro-menu-dropdown-animation-duration'); setTimeout(function() {subMenu.removeClass('oxy-pro-menu-dropdown-animating-out')}, duration*1000); }) // open icon click .on('click', '.oxy-pro-menu-mobile-open-icon', function() { var menu = jQuery(this).parents('.oxy-pro-menu'); // off canvas if (jQuery(this).hasClass('oxy-pro-menu-off-canvas-trigger')) { oxygen_offcanvas_menu_run(menu); } // regular else { menu.addClass('oxy-pro-menu-open'); jQuery(this).siblings('.oxy-pro-menu-container').addClass('oxy-pro-menu-open-container'); jQuery('body').addClass('oxy-nav-menu-prevent-overflow'); jQuery('html').addClass('oxy-nav-menu-prevent-overflow'); oxygen_pro_menu_set_static_width(menu); } // remove animation and collapse jQuery('.sub-menu', menu).attr('data-aos',''); jQuery('.oxy-pro-menu-dropdown-toggle .sub-menu', menu).slideUp(0); }); function oxygen_pro_menu_set_static_width(menu) { var menuItemWidth = jQuery("".oxy-pro-menu-list > .menu-item"", menu).width(); jQuery("".oxy-pro-menu-open-container > div:first-child, .oxy-pro-menu-off-canvas-container > div:first-child"", menu).width(menuItemWidth); } function oxygen_pro_menu_unset_static_width(menu) { jQuery("".oxy-pro-menu-container > div:first-child"", menu).width(""""); } // close icon click jQuery('body').on('click', '.oxy-pro-menu-mobile-close-icon', function(e) { var menu = jQuery(this).parents('.oxy-pro-menu'); menu.removeClass('oxy-pro-menu-open'); jQuery(this).parents('.oxy-pro-menu-container').removeClass('oxy-pro-menu-open-container'); jQuery('.oxy-nav-menu-prevent-overflow').removeClass('oxy-nav-menu-prevent-overflow'); if (jQuery(this).parent('.oxy-pro-menu-container').hasClass('oxy-pro-menu-off-canvas-container')) { oxygen_offcanvas_menu_run(menu); } oxygen_pro_menu_unset_static_width(menu); }); // dropdown toggle icon click jQuery('body').on( 'touchstart click', '.oxy-pro-menu-dropdown-links-toggle.oxy-pro-menu-off-canvas-container .menu-item-has-children > a > .oxy-pro-menu-dropdown-icon-click-area,'+ '.oxy-pro-menu-dropdown-links-toggle.oxy-pro-menu-open-container .menu-item-has-children > a > .oxy-pro-menu-dropdown-icon-click-area', function(e) { e.preventDefault(); // fix for iOS false triggering submenu clicks jQuery('.sub-menu').css('pointer-events', 'none'); setTimeout( function() { jQuery('.sub-menu').css('pointer-events', 'initial'); }, 500); // workaround to stop click event from triggering after touchstart if (window.oxygenProMenuIconTouched === true) { window.oxygenProMenuIconTouched = false; return; } if (e.type==='touchstart') { window.oxygenProMenuIconTouched = true; } oxygen_pro_menu_toggle_dropdown(this); } ); function oxygen_pro_menu_toggle_dropdown(trigger) { var duration = jQuery(trigger).parents('.oxy-pro-menu-container').data('oxy-pro-menu-dropdown-animation-duration'); jQuery(trigger).closest('.menu-item-has-children').children('.sub-menu').slideToggle({ start: function () { jQuery(this).css({ display: ""flex"" }) }, duration: duration*1000 }); } // fullscreen menu link click var selector = '.oxy-pro-menu-open .menu-item a'; jQuery('body').on('click', selector, function(event){ if (jQuery(event.target).closest('.oxy-pro-menu-dropdown-icon-click-area').length > 0) { // toggle icon clicked, no need to hide the menu return; } else if ((jQuery(this).attr(""href"") === ""#"" || jQuery(this).closest("".oxy-pro-menu-container"").data(""entire-parent-toggles-dropdown"")) && jQuery(this).parent().hasClass('menu-item-has-children')) { // empty href don't lead anywhere, treat it as toggle trigger oxygen_pro_menu_toggle_dropdown(event.target); // keep anchor links behavior as is, and prevent regular links from page reload if (jQuery(this).attr(""href"").indexOf(""#"")!==0) { return false; } } // hide the menu and follow the anchor if (jQuery(this).attr(""href"").indexOf(""#"")===0) { jQuery('.oxy-pro-menu-open').removeClass('oxy-pro-menu-open'); jQuery('.oxy-pro-menu-open-container').removeClass('oxy-pro-menu-open-container'); jQuery('.oxy-nav-menu-prevent-overflow').removeClass('oxy-nav-menu-prevent-overflow'); } }); // off-canvas menu link click var selector = '.oxy-pro-menu-off-canvas .menu-item a'; jQuery('body').on('click', selector, function(event){ if (jQuery(event.target).closest('.oxy-pro-menu-dropdown-icon-click-area').length > 0) { // toggle icon clicked, no need to trigger it return; } else if ((jQuery(this).attr(""href"") === ""#"" || jQuery(this).closest("".oxy-pro-menu-container"").data(""entire-parent-toggles-dropdown"")) && jQuery(this).parent().hasClass('menu-item-has-children')) { // empty href don't lead anywhere, treat it as toggle trigger oxygen_pro_menu_toggle_dropdown(event.target); // keep anchor links behavior as is, and prevent regular links from page reload if (jQuery(this).attr(""href"").indexOf(""#"")!==0) { return false; } } }); // off canvas function oxygen_offcanvas_menu_init(menu) { // only init off-canvas animation if trigger icon is visible i.e. mobile menu in action var offCanvasActive = jQuery(menu).siblings('.oxy-pro-menu-off-canvas-trigger').css('display'); if (offCanvasActive!=='none') { var animation = menu.data('oxy-pro-menu-off-canvas-animation'); setTimeout(function() {menu.attr('data-aos', animation);}, 10); } else { // remove AOS menu.attr('data-aos', ''); }; } function oxygen_offcanvas_menu_run(menu) { var container = menu.find("".oxy-pro-menu-container""); if (!container.attr('data-aos')) { // initialize animation setTimeout(function() {oxygen_offcanvas_menu_toggle(menu, container)}, 0); } else { oxygen_offcanvas_menu_toggle(menu, container); } } var oxygen_offcanvas_menu_toggle_in_progress = false; function oxygen_offcanvas_menu_toggle(menu, container) { if (oxygen_offcanvas_menu_toggle_in_progress) { return; } container.toggleClass('aos-animate'); if (container.hasClass('oxy-pro-menu-off-canvas-container')) { oxygen_offcanvas_menu_toggle_in_progress = true; var animation = container.data('oxy-pro-menu-off-canvas-animation'), timeout = container.data('aos-duration'); if (!animation){ timeout = 0; } setTimeout(function() { container.removeClass('oxy-pro-menu-off-canvas-container') menu.removeClass('oxy-pro-menu-off-canvas'); oxygen_offcanvas_menu_toggle_in_progress = false; }, timeout); } else { container.addClass('oxy-pro-menu-off-canvas-container'); menu.addClass('oxy-pro-menu-off-canvas'); oxygen_pro_menu_set_static_width(menu); } } jQuery(document).ready(oxygen_media_player); function oxygen_media_player($) { $('.oxy-pro-media-player').each(function(){ const mediaPlayer = $(this); const player = $(this).find('vime-player')[0]; // Listening to an event. player.addEventListener('vPlaybackStarted', (event) => { const currentTime = event.detail; mediaPlayer.find('vime-custom-poster').removeClass('active'); }); player.addEventListener('vReady', (event) => { const iframe = mediaPlayer.find('iframe')[0]; const vimePlayer = mediaPlayer.find('vime-player')[0]; if (iframe && vimePlayer && !vimePlayer.hasAttribute('controls')) { iframe.setAttribute('tabindex', '-1'); } // Trigger resize for carousel compatibility if (mediaPlayer.closest('.oxy-carousel-builder').length) { window.dispatchEvent(new Event('resize')); } }); }); } jQuery(document).ready(oxygen_init_btt); function oxygen_init_btt($) { //Get the button: let mybutton = $('.oxy-back-to-top'), scrollDuration = $('.oxy-back-to-top_inner').data( 'scroll-duration' ), scrollAmount = $('.oxy-back-to-top_inner').data( 'scroll' ), scrollEasing = $('.oxy-back-to-top_inner').data( 'scroll-easing' ), scrollDataUp = $('.oxy-back-to-top_inner').attr('data-up'), scrollUp; if (typeof scrollDataUp !== typeof undefined && scrollDataUp !== false) { scrollUp = 'true'; } else { scrollUp = 'false'; } mybutton.on('click', function(e) { e.preventDefault(); $('html, body').animate({ scrollTop:0 }, { duration: scrollDuration, easing: scrollEasing, } ); }); let previousScroll = 0; $(window).scroll(function() { var scroll = $(this).scrollTop(); if (scroll >= scrollAmount) { if (((scrollUp == 'true') && (scroll var kantanAnalytics = {""ajaxUrl"":""https://www.wpase.com/wp-admin/admin-ajax.php"",""nonce"":""48b4e82b45"",""conversionLinks"":[],""siteUrl"":""https://www.wpase.com"",""passthroughParams"":[""gclid"",""gbraid"",""wbraid"",""gclsrc"",""gad_source"",""dclid"",""msclkid"",""yclid"",""ysclid"",""ymclid"",""fbclid"",""ttclid"",""twclid"",""li_fat_id"",""sccid"",""snap_cid"",""rdt_cid"",""epik"",""pin_cid"",""spclid"",""qclid"",""awc"",""adct"",""ob_click_id"",""tbclid"",""tblci"",""tduid"",""mc_cid"",""mc_eid"",""_kx"",""mkt_tok"",""_hsenc"",""_hsmi"",""hsa_cam"",""hsa_grp"",""hsa_ad"",""hsa_src"",""hsa_net"",""hsa_ver"",""hsa_acc"",""hsa_kw"",""hsa_mt"",""hsa_tgt"",""vero_id"",""vero_conv"",""vgo_ee"",""sfmc_id"",""sfmc_sub"",""contact_id""]}; //# sourceURL=kantan-analytics-js-extra var kantanVideoConfig = {""ajaxUrl"":""https://www.wpase.com/wp-admin/admin-ajax.php"",""providers"":{""youtube"":true,""vimeo"":true,""html5"":true},""nocookie"":""1"",""excludeAutoplay"":""1""}; //# sourceURL=kantan-video-js-extra var turfViews = {""ajaxUrl"":""https://www.wpase.com/wp-admin/admin-ajax.php"",""postId"":""96"",""objectType"":""post"",""pageType"":"""",""viewsLabel"":""%s times viewed"",""locale"":""en-US""}; //# sourceURL=turf-views-js-extra var turfClicks = {""ajaxUrl"":""https://www.wpase.com/wp-admin/admin-ajax.php""}; //# sourceURL=turf-clicks-js-extra var asenhaAnalytics = {""endpoint"":""https://www.wpase.com/wp-json/asenha/v1/analytics/collect"",""path"":""/features"",""title"":""Features - Admin and Site Enhancements (ASE) for WordPress"",""postId"":""96"",""is404"":""""}; //# sourceURL=asenha-site-analytics-tracker-js-extra var xLightbox = {""vimeDir"":""https://www.wpase.com/wp-content/plugins/oxyextras/components/assets/vime/@vime/core/""}; //# sourceURL=extras-vime-js-extra AOS.init({ }) jQuery('body').addClass('oxygen-aos-enabled'); jQuery(document).ready(function() { jQuery('#module-free-checkbox').click(function() { if (jQuery(this).is(':checked')) { jQuery('.module__free').show(); } else { jQuery('.module__free').hide(); } }); jQuery('#module-free-pro-checkbox').click(function() { if (jQuery(this).is(':checked')) { jQuery('.module__free-pro').show(); } else { jQuery('.module__free-pro').hide(); } }); jQuery('#module-pro-checkbox').click(function() { if (jQuery(this).is(':checked')) { jQuery('.module__pro').show(); } else { jQuery('.module__pro').hide(); } }); }); .feature-toggles { display: flex; flex-direction: row; } .feature-toggles-title { margin-right: 16px; } .feature-toggle { margin-right: 16px; } .feature-toggle:last-child { margin-right: 0; } @media (max-width: 767px) { .feature-toggles { flex-direction: column; } } jQuery(document).ready(function () { var urlHash = window.location.href.split(""#"")[1]; if (urlHash && jQuery('#' + urlHash).length ) jQuery('html,body').animate({ scrollTop: jQuery('#' + urlHash).offset().top - 40 }, 0); }); #-back-to-top-53-12 { right: -8px !important; bottom: 64px !important; }",Yes,Enable Search Engine Visibility Status,Exact CM feature name. CM library also describes development-site visibility protection.,CM enough
